GROUP,PACKAGE,CLASS,INSTRUCTION_MISSED,INSTRUCTION_COVERED,BRANCH_MISSED,BRANCH_COVERED,LINE_MISSED,LINE_COVERED,COMPLEXITY_MISSED,COMPLEXITY_COVERED,METHOD_MISSED,METHOD_COVERED
restoconnect,restoconnect,ApplicationResto,51,0,2,0,12,0,6,0,5,0
restoconnect,restoconnect.modele,Client,11,87,6,14,1,24,7,13,1,9
restoconnect,restoconnect.modele,PlatPrincipal,4,62,3,5,1,9,4,6,1,5
restoconnect,restoconnect.modele,Dessert,0,18,0,0,0,4,0,4,0,4
restoconnect,restoconnect.modele,Commande.LigneCommande,10,33,2,2,2,11,2,5,0,5
restoconnect,restoconnect.modele,Table,6,58,0,8,1,20,1,11,1,7
restoconnect,restoconnect.modele,ArticleMenu,11,74,3,13,3,20,5,12,2,7
restoconnect,restoconnect.modele,Reservation,42,82,6,12,9,27,8,12,2,9
restoconnect,restoconnect.modele,Commande,40,169,9,23,6,40,9,19,0,12
restoconnect,restoconnect.modele,Serveur,6,70,4,12,1,20,5,11,1,7
restoconnect,restoconnect.modele,Entree,0,66,3,5,0,10,3,7,0,6
restoconnect,restoconnect.controleur,EcranControleur.new StringConverter() {...},21,0,2,0,3,0,4,0,3,0
restoconnect,restoconnect.controleur,EcranControleur,609,0,26,0,81,0,44,0,31,0
restoconnect,restoconnect.persistance,ServeurDao,0,5,0,0,0,1,0,1,0,1
restoconnect,restoconnect.persistance,TableDao,0,5,0,0,0,1,0,1,0,1
restoconnect,restoconnect.persistance,HibernateUtil,65,75,2,2,15,6,2,3,1,2
restoconnect,restoconnect.persistance,ValidationEntite,15,135,6,16,2,21,6,7,0,2
restoconnect,restoconnect.persistance,ClientDao,0,5,0,0,0,1,0,1,0,1
restoconnect,restoconnect.persistance,ReservationDao,0,5,0,0,0,1,0,1,0,1
restoconnect,restoconnect.persistance,CommandeDao,0,5,0,0,0,1,0,1,0,1
restoconnect,restoconnect.persistance,ArticleMenuDao,0,5,0,0,0,1,0,1,0,1
restoconnect,restoconnect.persistance,Dao,29,161,2,6,6,25,2,16,0,14
restoconnect,restoconnect.vue,Navigation,102,0,0,0,20,0,12,0,12,0
restoconnect,restoconnect.exceptions,TableIndisponibleException,0,4,0,0,0,1,0,1,0,1
restoconnect,restoconnect.exceptions,ClientIntrouvableException,0,4,0,0,0,1,0,1,0,1
restoconnect,restoconnect.exceptions,PersistanceException,0,5,0,0,0,1,0,1,0,1
restoconnect,restoconnect.service,TransactionService,32,249,2,4,3,44,6,6,4,5
restoconnect,restoconnect.service,Validation,0,49,0,8,0,8,0,9,0,5
restoconnect,restoconnect.service,MenuService,0,158,0,12,0,32,0,14,0,7
restoconnect,restoconnect.service,RestaurantService,14,347,0,8,1,39,3,18,3,14
restoconnect,restoconnect.service,ClientService,0,60,0,6,0,11,0,7,0,4
restoconnect,restoconnect.service,ReservationService,5,232,2,16,0,40,2,20,0,13
restoconnect,restoconnect.service,CommandeService,5,96,1,5,0,24,1,9,0,7
